"text","label","notes"
"Man Re Tu Kahe Na Dheer Dhare - Sahir, Roshan, Rafi","recommendation",""
"I think there will be no song ever like XO tour life","hot_take",""
"led zeppelin - stairway to heaven","recommendation",""
"Careless Whisper - George Michael. When I dream at night - Marc Anthony","recommendation",""
"Wicked Games","recommendation",""
"Paul Van Dyk - For An Angel","recommendation",""
"Darkest Hour by Zakk Wylde","recommendation",""
"Kiss While Your Lips are Still Red by Nightwish. I have been listening to it since my school days.","recommendation",""
"Storm by GY!BE","recommendation",""
"GODSPEED YOU! MENTIONED","reaction",""
"Circle with me-Spiritbox","recommendation",""
"blood on the leaves","recommendation",""
"Under the Bridge - Red Hot Chilli Peppers","recommendation",""
"Somewhere only We know - keane","recommendation",""
"Rinkiya ke papa - Manoj Tiwari","recommendation",""
"while my guitar weeps - the beatles","recommendation",""
"Fireflies - Owl City","recommendation",""
"Beat it by michael jackson","recommendation",""
"The Rain Song - Led Zeppelin","recommendation",""
"LETS FUCKING GOOOO BRO. Jimmy went absolutely berserk writing that, its in so wacked out tuning but it is beyond pretty","reaction",""
"chopin fantaisie-impromptu op 66","recommendation",""
"MADLAD. beyond perfect piece ngl","reaction",""
"Tamanna by Yawar Abdal. 3 languages all beautifully woven together. Bore Bore from Bluffmaster. Rait Zara Si from Atrangi Re The Tamil part hits differently. Zara Zara/Vaseegara by Jonita Gandhi Nicely mixed the Hindi and Tamil versions","recommendation",""
"Woah tyty tamil and Hindi lyrics brings titli to mind haha","reaction",""
"Kandisa Indian Ocean","recommendation",""
"Most South Indian dubbed movies have bilingual lyrics. Like Kehna hi kya. I think most Mani Ratnam movies have these. Also YRF is obsessed with French lyrics. I can think of 2 examples Befikre and Pathaan. Then there r many English examples: ABCD..I love you","recommendation",""
"Jilka Jilkare from Pushpaka Vimana! You'll love it. It's a beautiful mix of Kannada and Hindi and the transitions are done really well.","recommendation",""
"And I do love it thank you!!","reaction",""
"Sajna Barse- 3 languages (Hindi, Bengali, English) Journey song- Hindi and Bengali","recommendation",""
"I'd like to introduce you guys to this really cool indie Indian band : Peter Cat Recording Co. Also, songs I'd like to recommend are Heera and Love Demons.","recommendation",""
"Love Demons remind me of old 70s Bollywood soundtracks for some reason.","hot_take",""
"Their lead singer's project - Lifafa - is amazingly as well.","recommendation",""
"Man, I am obsessed with Love Demons especially the part after the drop. Do you know of any songs that sound similar?","reaction",""
"You can find different niches which suits you. I could recommend some really under-rated songs. You can search it on any music app and search Agam Dang","recommendation",""
"Lifafa is the best. Jaago, ek nagma and nikamma are really some out of the world songs","hot_take",""
"I'd like to give shoutout to this one guy called - This is cosmos. Makes very good songs.","recommendation",""
"Anuv Jain not so good","hot_take","argument_edge"
"Bombay Bandook, Bharat Chauhan, Deepak Rathore Project, Karsh kale, Agam, Advaita, Midival Punditz, Arijit Anand, Anand Bhaskar collective, Fiddlecraft. Tried to list some of my fav artists and bands","recommendation",""
"I have listened to Parekh & Singh. They are pretty good.","reaction",""
"yes sad that they parted their ways few weeks ago","reaction",""
"Try out Taba Chake, he is from Arunachal Pradesh and has some great music","recommendation",""
"Have you guys heard about The Local Train and The Yellow Diary? Try em.","recommendation",""
"Parvaaz, would 100% reccomend.","recommendation",""
"If you're into folksy, When Chai Met Toast. If you're into EDM, Lifafa. If you're into rock-ish stuff, Shine A Light On Me by Raghav Meattle. If you're into dreamy, sort of breezy- Moon Child, the F16s. If you're into cutesy love stuff, cold/mess and kasoor and tune kaha by prateek kuhad","recommendation",""
"Moon Child, my gosh, I could listen to that song all day, every day.","reaction",""
"So with Bollywood music turning into a cesspool of 90s remixes and indie music not ever having gotten the love it deserves. Totally agree man main stream music is totally shit nowadays. It feels like beats are first made and lyrics are made to fit forcibly into it.","argument",""
"Punit Singh. Just look him up, so so good","recommendation",""
"Check out Maati Baani. They are a duo that come up with impressive versions of India's folk and classical music.","recommendation",""
"I know she has a strong lineage and following, but I cant enjoy her singing. There seems to be a lack of control and a certain kind of fake depth in her voice. Her version of Boohey Barian on YouTube has over 1 million views and comments are all praises but I cant wrap my head around it.","hot_take",""
"I've been listening to Sufi music since my childhood, Abida ji, Nusrat sahab and all, still I am not able to enjoy Deveshi's singing. is it just me? Am I missing something here? has the genre evolved in a way I am unaware of?","hot_take",""
"Listening to full albums is key. If you're only listening to what you like you don't have context for why you like it.","hot_take",""
"I also find I generally need to listen to an album a few times for it to really set in. Some albums are coherent works. Some are just a spattering of songs.","hot_take",""
"You should at least give nevermind like 4-5 play throughs over the next month.","recommendation",""
"Pink Floyd, Dark Side of the Moon. It's almost weird for me to heard a single song on the radio. To me that whole thing is one piece.","hot_take",""
"First, there no normal way to enjoy music. Listening to what you like and keeping an appetite to listen to new stuff is a great approach.","hot_take",""
"I've always listened to full albums. I enjoy listening to an album from start to finish to really understand it.","hot_take",""
"For me, it is all about life experience and relationships. I developed my love of rock and metal through shared experiences with friends, going to concerts, talking about albums.","reaction",""
"I backdoored into pop when one of my favorite rock bands opened for Halsey. I did a Halsey deep dive, and now Halsey is one of my top 5 favorite artists of all time.","reaction",""
"K-pop felt kind of accidental. I was on a flight back from Vegas and googled biggest K-pop artists and listened to Blackpink Essentials, and was like, holy shit, this is GOOD.","reaction",""
"Good grief. Just listen to music and like what you like. Nobody gives a shit what your tastes are other than you.","hot_take",""
"The more music I listen to, the less cohesive my taste feels. These days I can go from black metal to jazz fusion to dark ambient to bluegrass, so I have no idea what my sound is.","hot_take",""
"You're just not that interested in music which is okay. Most people aren't really interested in music which is why most of mainstream music is so basic, blunt, dull and generic.","hot_take",""
"Being on reddit you only get to see the most obsessive and nerdy representatives of every hobby. Being just kinda into things is okay and pretty cool, actually.","hot_take",""
"Prioritizing listening to whole albums is a good start, but also you're allowed to enjoy music how you want.","hot_take",""
"I'd recommend listening to albums and not playlists. Even more fun to listen to the albums in the order they were recorded.","recommendation",""
"have you listened to Caroline Polachek? Both her albums are great. She also had a previous project called Chairlift, their album Moth is amazing!","recommendation",""
"Billie Marten Drop Cherries, Aphex Twin Selected Ambient Works, David Sylvian Brilliant Trees, Air Moon Safari","recommendation",""
"I mean it goes without saying that you should listen to The Clash - London Calling or Pink Floyd - Dark Side of the Moon if you haven't already.","recommendation",""
"Ali Farka Toure, Niafunke. This brilliant music from Mali blends tradition and innovation, and the mix comes out with inspiring and engaging songs that sometimes feel like Delta Blues.","recommendation",""
"Lift your skinny fists like antennas to heaven, twin fantasy, teens of denial, any black country new road","recommendation",""
"I've been seeing a lot of praise for Olivia's new album with very little critique at all. I feel that the amount of ballads and sad songs take away from the concept of trying to show the chapters of a relationship.","argument",""
"I'm not saying the album is bad, i am saying the album is atleast mediocre and at most good but at the very baseline.","hot_take",""
"The part where I truly lose my braincells is the praising of maturity on this album. Really? Maturity?","hot_take",""
"I think a lot of the praise just comes from affinity for the references she's citing. Robert Smith being a fan lends her credibility with people who swear they don't like pop music.","argument",""
"Drop dead was actually pretty divisive when it dropped I remember. I personally didn't love it until the album dropped.","argument",""
"That's because she's a megastar with a big label and a very well funded PR and marketing team and we live in a time where former critical institutions have simply become an extension of the PR circuit","hot_take",""
"I also agree a lot on the maturity point. A lot of songs like My Way had clunky lyrics and even some of the songs that were being praised as songwriting genius like The Cure kind of just repeated lyrics and went nowhere.","argument",""
"I really don't get the adulation. I find it kind of depressing that people are just so quick to latch onto the first thing shoveled upon them by social media or a streaming service.","hot_take",""
"My analogy for mainstream pop music is vanilla ice cream. There's very flavorful and unique vanilla ice cream and there's very bland and artificial vanilla ice cream.","hot_take",""
"not to sound like a conspiracy theorist but pr teams have been using bots on multiple platforms for years now. to create hype, run narratives.","argument",""
"I've never seen this volume of blatant astroturfing for a music artist on Reddit before. Her team must've paid a pretty penny for this level of social media manipulation.","hot_take",""
"I mentioned on the subreddit for her that I didn't enjoy the album and don't think this one is for me but I'll still check out the next one. Drop dead sounds like a taylor swift song, full stop. It's the worst song on the album.","argument",""
"It's a good album, it has nice ballads, 80s influence, etc. But I'm trying to figure out why I'm not in love with it and I think the word I would use is calculated.","hot_take",""
"I loved Guts but this new album does nothing for me. I find the songs not very memorable and the lyrics not very sharp.","hot_take",""
"All of her albums are the same, IMO. There are 3 or 4 good songs and the other songs are undercooked and not noteworthy","hot_take",""
"I've been obsessed with Begged since I heard it, but I just can't listen to the album in one go without skipping well over half of it.","reaction",""
"I think I like Olivia Rodrigo and this album more than you do but I agree with some of your sentiments.","argument",""
"She's at her best when she's writing pop-punk songs. I've always thought that she doesn't do much to differentiate her pure pop stuff from the likes of Taylor Swift and Sabrina Carpenter.","hot_take",""
"I loved my way","reaction",""
"I enjoyed the album. The backhalf definitely slows down, but I'm not necessarily mad about that. Over all, I think it's a decent young adult album of fun pop songs with an alt rock bow on top.","hot_take",""
"I like it too - the second half being slower is deliberate, first half is about falling in love, second half is discovering it's not all that it's cracked up to be.","argument",""
"I agree with some points about the ballads. But I also think calling it immature is a little unfair.","argument",""
"Songwriting isn't just lyricism. Lyrics are one of the many textures of the music. Good lyrics do not save an average song. Good music saves an average lyric.","hot_take",""
"Musically, while this album is solid, it's overly influenced by other rock bands, her musical identity is nowhere to be heard, and sometimes verges on derivative.","hot_take",""
"I think what makes this album standout is the lyrical content more than anything","hot_take",""
"Maybe the comments about maturity are relative to other current pop music? It definitely feels less aggressively immature compared to Sabrina Carpenter's recent stuff.","argument",""
"I suspect most of the praise I'm seeing is from her PR. They've been quite aggressive this album rollout.","hot_take",""
"She needs a new sound. The first few songs and singles are really good but I feel like we are still on album 1.","hot_take",""
"She's at her best when writing pop-punk. Zero pop-punk songs on this album was quite disappointing.","hot_take",""
"I've always listened to full albums. I enjoy listening to an album from start to finish to really understand it. As I look back, I've spent a lot of time with different genres.","hot_take",""
"Personally, my taste in music has shifted, expanded and evolved over the years. I love genres of music now that I didn't care about 10 years ago.","reaction",""
"I listen to a pretty wide range of music but I don't feel grounded in any of it. Most of my listening feels kind of scattered.","reaction",""
"When I see people who are really into music, their taste feels so intentional and coherent. They know albums, eras, influences.","reaction",""
"I follow a lot of twitch streamers play different kinds of music, many who do vinyl in the form of old albums were on 45s, and that's how I found a lot of music that I like","recommendation",""
"You really have to put the effort into it in order to really understand one particular artist. If you just know their biggest hits, you are getting only 10% of the big picture.","hot_take",""
"I developed my love of outlaw country because my dad would play it growing up, on the radio and with his guitar.","reaction",""
"I got really into 70s disco many years ago and it led me to collecting a huge number of obscure italo disco and electro-funk records.","reaction",""
"Sometimes, when you think about someone who is no longer with you, their memories feel like a mirage. Just like the shimmering illusion that appears on a road during the peak summer heat.","reaction",""
"I guess the writer wrote it in some intention like: usually we think about lots of things but Sometimes, All I think about is YOU.","argument",""
"Listen to it when it rains","hot_take",""
"Conservative mindset. same people like yall wouldve disapproved of the idea of DAW saying its inauthentic.","argument",""
"The thing about DAW is, you're in control of everything. It's just a tool. AI does not do that. I have no idea why people compare electrical music and AI.","argument",""
"AI is just another tool for putting your vision into the craft. some people use it very carelessly which makes ai music sound bad.","argument",""
"Generative AI is not art tho is it, it's not creating anything. The model does not know what the song means.","argument",""
"Generative AI is not a tool when it replaces the whole process of creating. You are just creating false equivalencies.","argument",""
"An instance of Proper use of AI is what the Beatles did for their 2023 song Now and Then, they used AI/ML tools for isolating voice from a 40 yr old cassette tape.","argument",""
"I produced my music on a second hand 50usd phone using 1usd earphones for mic on free apps from scratch without any money and AI. People who actually wanna make music will find ways.","hot_take",""
"Holy shit y'all actually did something. Big W.","reaction",""
"Huge huge win.","reaction",""
"Great! AI art is not Real Art","hot_take",""
"Fuck yes. I posted about this a few months back too. Good to know its finally done.","reaction",""
"AI music will socialize music generation, like Youtube and Tiktok socialized video content generation. Nobody stopped seeing movies because people are making reels.","argument",""
"Chloe new album that was produced by Timbaland disappointed me although it's better than her solo projects out in the past. I was expecting this album to be framed similar to the late 90s early 2000s. Raw vocals, bridges, real instruments etc!","hot_take",""
"Timbaland's same outdated sound. Durand Benarr's new album was a 10/10 for me. It had those 90s/00s elements while still being with the times.","hot_take",""
"I think the over pitch correction throws me off and doesn't fully allow me to enjoy new music. Bring back raw vocals pls!!","hot_take",""
"I had a chuckle today thinking about modern country music and how it's like I'm so folksy, I drink whiskey and it's coming from the cleanest, most tuned vocal you've ever heard.","hot_take",""
"Literally so unauthentic","reaction",""
"There are a couple acapella groups that heavily rely on pitch correction these days. And when they sing folk, it sounds absolutely disgusting. Because human voices aren't supposed to sound like fucking tuned instruments.","hot_take",""
"In terms of new albums, my current favorites are Momoko by Momoko Gill, Black Salt by Kiioto, and The Endless Dance by Hannah Peel.","recommendation",""
"Are you interested in other genres? Because there are a TON of musicians that do not do that stuff.","argument",""
"I'd just move on to other music. Pitch correction isn't an issue in any of the genres I listen to.","argument",""
"Also how can you expect a late 90s early 2000s vibe and then complain about Timbaland's outdated sound? Those were the years he was most prolific.","argument",""
"Pre/during SOUR era she was mostly gushing over artists like Taylor and Sabrina and when you look at the recordings of the SOUR album it's her producer who encourages her to be more angsty.","argument",""
"Dan Nigro has produced all of her albums thus far. He got his own break when he helped Ariel Rechtshaid produce Sky Ferreira's Night Time My Time.","argument",""
"Behind every popular artist is a producer and A&R team telling them what to do or say, even what to be inspired by.","hot_take",""
"Most popular artists aren't musicians. They're performers, dancers, singers, entertainers.","hot_take",""
"I'm around Olivia's age and I'm seeing that a lot of people younger than me think the album is kinda immature but a lot of people older think it is mature which I find super interesting.","reaction",""
"As someone who was in a relationship that followed the entire timeline and sentiment of this album, it hit wayyyy too hard","reaction",""
"I just completed my first listen through and no, there's nothing that good imo. It's a good album, but it's less punchy than her others.","hot_take",""
"I really want to continue enjoying it but the bridges of almost all her singles and music videos tend to follow the same format. echoes and shouts and choirs repeating the lyrics.","hot_take",""
"My top complaint with the album is a lot of the melodies I've heard before. I'm getting very tired of verse chorus verse chorus bridge chorus structure.","hot_take",""
"I've only gone through it a couple of times but I did find myself thinking that it was samey the same way Taylor Swift stuff is samey to me.","hot_take",""
"I think she's generally a strong inventive songwriter, especially for mainstream pop","hot_take",""
"It feels like she made a pinterest board and decided to run with that and force this new softer, feminine persona except it just doesn't feel natural.","hot_take",""
"What do you think it would mean to feel grounded? There are people whose personalities seem sort of predicated on a rather narrow taste in musical genres.","argument",""
"I mean it along the lines of it's generic. It's bland. Put any other pop star on it and the song sounds the same.","hot_take",""
"she displayed more self-reflection. She describes being infatuated with a person while in her tone suggesting that maybe she's doing too much","argument",""
"it feels like she made a pinterest board and decided to run with that and force this new softer, feminine persona. the aesthetics feel very forced","hot_take",""
"I wish they would stop the comparison and just let Olivia grow into her own artistry.","hot_take",""
"it is a very juvenile album and no one should have a problem accepting that","hot_take",""
"Taylor Swift's PR is bigger but it couldn't prevent the disastrous reception of her latest album. No amount of paid PR can salvage something objectively bad.","argument",""
"the poptimist backlash overcorrected against music hipsters and now if you don't praise and worship pop stars you're just being a pretentious asshole!","hot_take",""
"GUTS was such a phenomenal, authentic album to me. Even tho I think her new album is good, idk, it just doesn't hit the same.","hot_take",""
"I didn't like it on my first listen but now it has grown on me, but I have to agree that something is amiss like op is saying","reaction",""
"this album feels like an exploration into a dead end. There's no path forward for her on this road.","hot_take",""
"she's maturing, but she's far from mature yeah. We're seeing her growing up, and I'm enjoying the process.","hot_take",""
"I think if you haven't been in a long term relationship where no one's really the villain this album will not hit as hard","argument",""
"I'm a few years out from the angsty young adult phase of my life and I think what I dislike most about the album is that it takes me back to that place.","reaction",""
"It's because the album does a good job at making you feel young again and reminding you what it felt like to be a messy young adult.","argument",""
"Write about ANYTHING except being boy-obsessed","hot_take",""
"I think the majority of songs are more about herself than boys","argument",""
"She's literally the IT girl. Vocals, dance skills, actress the list goes on.","hot_take",""
"I feel like everyone is using the cure as the single example for this album being mature.","argument",""
"it's like transform the voice in olivia's song and i will still be able to tell that its hers without even listening to the lyrics. maybe its nice that her discography is recognised by her music style, but little versatility is all i wish for.","hot_take",""
"I also think she's maturing as an artist, and this album is her best.","hot_take",""
"Raye's latest album does everything that this album tries to do, but in a more successful way, and with better tunes","hot_take",""
"what even is the difference between a DAW and AI. in a DAW you have to press every knob virtually. while using AI all the technical stuff is done by AI leaving an artist 100% rely on the thought process","argument",""
"you dont see how conservative you sound dude. some 50years ago people wouldve said i rented a piano and guitar for my music show","argument",""
"Are the posts banned too? This is a fairly substantive anti-ai stance. Actually what is the purpose of this group? I see people rediscovering 10-20 year old albums mostly.","argument",""
"Whos YRF?","reaction",""
"W hob enjoyer","reaction",""
"Same here!","reaction",""
"this is so great, and so new. thank you","reaction",""
"This one is good too. Thanks!!","reaction",""
"yes! I loved Love Demons, their sound is very unique","reaction",""
"Absolutely. Also I like the way how these guys are keeping up their composition over these many years.","reaction",""
"W","reaction",""
"yay","reaction",""
"Finally something good","reaction",""
"This is a fantastic call. Thank you mods!","reaction",""
"Fuck yes. Good to know its finally done.","reaction",""
"Okay I'm going to check those out! Thank you!","reaction",""
"I mean, to be fair it is pretty common for pop to be unfairly critiqued.. especially when there is a huge white female audience. But also yes there has to be nuance","argument",""
"Oof, sorry about that. It seems they all just regurgitate the same types of comments across a bunch of different Music subs.","argument",""
"all they have the same talking points it gets so uncanny once you spot it","argument",""
"i actually went through the same thing you're describing when i asked what cultural impact it could've possibly had in 4 days","argument",""
"She's always had the more ballad/pop pieces, but to hear zero pop-punk songs on this album was quite disappointing.","hot_take",""
"I genuinely believe the cure is honestly one of the best songs released in recent times not just for Olivia.","hot_take",""
"Drop dead is pretty bland and I didn't get the praise when it was released, everyone acting as if it's an insane, extraordinary pop song.","hot_take",""
"has it ever been more common for singers to create an irritating personality along with their new music","hot_take",""
"Olivia is a mega pop-star who has been backed by a major label since her debut. She is exactly like everyone else. She's not some indie artist writing songs who has no desire for commercial success","argument",""
"Olivia gets a lot more credit than is honestly deserved just for name dropping all of these established artists when her music doesn't really live up to what she is citing.","argument",""
"NTMT is quite possibly the best debut this side of the millennium and despite that they locked her down for a decade and pillaged her demos for other artists in their roster.","hot_take",""
"People evolve and change. When I was a kid I liked grunge and rock, as a young adult I thought of myself as primarily a connoisseur of blues music.","reaction",""
"My music taste became curated from alice in chains on. i found the thing that really clicked for me, and then spiraled out from there.","reaction",""
"It's a mix of A and B. Curation is a necessity if you are under the age of 10, but even as a kid, you like what you like.","hot_take",""
"As a millenial, I feel like the limitations we grew up with was a breeding ground for curation. If you are getting your tastes from the algorithms it's a process that takes much less research.","hot_take",""
"For starters, buy physical copies of music you like. Making the investment will lead to a stronger connection.","recommendation",""
"I think it's to do with physical media v streaming. My listening for pleasure is vinyl.","hot_take",""
"Listening to full albums changed everything for me. You get context for the songs that you just cant get from a playlist.","recommendation",""
"Arijit Singh is massively overrated, every song sounds the same after a point.","hot_take","synthetic"
"AR Rahman hasnt made anything genuinely great since the 2000s.","hot_take","synthetic"
"Prateek Kuhad is just sad boy music for people who want to feel deep.","hot_take","synthetic"
"Indie Indian music peaked with Peter Cat Recording Co, everything after is derivative.","hot_take","synthetic"
"Bollywood remixes are destroying original music culture in India.","hot_take","synthetic"
"The Local Train is the most overrated band in Indian indie, fight me.","hot_take","synthetic"
"Spotify algorithms have ruined how people discover music, everything sounds the same now.","hot_take","synthetic"
"Nucleya's recent stuff is just festival bait, nothing innovative about it.","hot_take","synthetic"
"Most people who say they like jazz dont actually understand it, they just like the aesthetic.","hot_take","synthetic"
"Taylor Swift is a marketing machine, not a generational talent.","hot_take","synthetic"
"Vinyl is not actually better quality, its just nostalgia and people need to admit that.","hot_take","synthetic"
"Anuv Jain makes the same song over and over and people eat it up every time.","hot_take","synthetic"
"Sufi music in India has been completely commercialized and lost its soul.","hot_take","synthetic"
"Anyone who ranks GUTS below SOUR has terrible taste.","hot_take","synthetic"
"Modern production has made singers lazy, pitch correction is a crutch.","hot_take","synthetic"
"Just heard Kesariya for the first time and I am not okay. That melody is something else.","reaction","synthetic"
"Listened to Nusrat Fateh Ali Khan for the first time last night. I genuinely cannot describe what I felt.","reaction","synthetic"
"This song just came on shuffle and I had to stop everything I was doing.","reaction","synthetic"
"First listen to Porcupine Tree and I think my music taste has changed permanently.","reaction","synthetic"
"Cried the whole way through Prateek Kuhad's set. Did not expect that.","reaction","synthetic"
"Put on Bombay Bicycle Club randomly and now I cant stop listening.","reaction","synthetic"
"That Anuv Jain live video just destroyed me completely, his voice is unreal.","reaction","synthetic"
"I was not prepared for how good the new Hozier album is. Absolutely floored.","reaction","synthetic"
"Heard Tum Se Hi in a cafe and just sat there for five minutes after it ended.","reaction","synthetic"
"Stumbled onto Ichiko Aoba last night and now I feel like a completely different person.","reaction","synthetic"
"The way this song builds and then just drops into silence. I had to replay it four times.","reaction","synthetic"
"Saw The Local Train live last weekend and honestly cried twice. Worth every rupee.","reaction","synthetic"
"First time hearing Kun Faya Kun and I genuinely got chills. That qawwali tradition is something special.","reaction","synthetic"
"If you like Prateek Kuhad, check out Ritviz. Very different sound but the same emotional core.","recommendation","synthetic"
"For anyone getting into Indian classical, start with Pandit Shivkumar Sharma's santoor recordings.","recommendation","synthetic"
"Pasoori by Ali Sethi and Shae Gill is the best thing to come out of Coke Studio in years, mandatory listen.","recommendation","synthetic"
"Try Lagori if you want heavy Indian rock that actually has something to say.","recommendation","synthetic"
"If you like ambient music, Siddharth Khosla's film scores are incredible background listening.","recommendation","synthetic"
"Agam is what you listen to when you want prog rock with Carnatic influences. Start with Mahaganapathim.","recommendation","synthetic"
"For Hindustani classical beginners, Kishori Amonkar's Bhairavi recordings are the perfect entry point.","recommendation","synthetic"
"Dharohar Project does folk fusion really well, especially their Rajasthani stuff.","recommendation","synthetic"
"Check out Easy Wanderlings if you want dreamy indie pop with clean English lyrics.","recommendation","synthetic"
"Mali is criminally underrated for Indian indie in English, start with his EP Suno.","recommendation","synthetic"
"Bombay Bicycle Club's Flaws album is perfect if you want something stripped down and acoustic.","recommendation","synthetic"
"If you loved Dil Se soundtrack, go straight to Mani Ratnam's entire AR Rahman collaboration catalog.","recommendation","synthetic"
"I disagree that AR Rahman has declined. Rockstar and Highway both have incredible scores that people sleep on.","argument","synthetic"
"You cant compare Arijit Singh to Mohd Rafi, they serve completely different functions in their eras.","argument","synthetic"
"Calling vinyl nostalgia is missing the point. The ritual of listening matters, not just the sound quality.","argument","synthetic"
"I actually think the remix culture in Bollywood isnt all bad. It introduces older songs to younger audiences.","argument","synthetic"
"Respectfully disagree about The Local Train. Their Khairiyat era was genuinely fresh for Indian indie.","argument","synthetic"
"The AI music debate is not comparable to DAW debates because DAWs still require human musical decisions at every step.","argument","synthetic"
"People saying Olivia Rodrigo is all PR are ignoring that SOUR was written almost entirely by her at 17.","argument","synthetic"
"I hear what youre saying about pitch correction but some artists use it as an intentional aesthetic, not a crutch.","argument","synthetic"
"Streaming hasnt ruined music discovery, it has democratized it. Small artists can now reach global audiences without labels.","argument","synthetic"
"Saying someone has bad taste for preferring GUTS over SOUR is exactly the kind of gatekeeping that drives people away from music communities.","argument","synthetic"
